text,id,author,subreddit,link_id,parent_id,created_utc,rater_id,example_very_unclear,anger,disgust,fear,joy,neutral,sadness,surprise
WHAT THE HELL?!?!?!?,ed1fter,MisterBl0nde,raimimemes,t3_abk5vm,t3_abk5vm,1546380739.0,41,False,1,0,0,0,0,0,0
This is what I come to this sub for,edceqdu,Zhangeranga,FortniteCompetitive,t3_acwhae,t1_edbphmb,1546736652.0,57,False,0,0,0,0,1,0,0
Sometimes I wonder if people are that stupid or that malicious,ef5gz3i,egrith,Anarchism,t3_akjd6h,t3_akjd6h,1548650776.0,62,False,1,0,0,0,0,0,0
It’s okay bro saints about to beat them 41-3 next week lmao don’t worry,edfnyvo,D_respect,minnesotavikings,t3_adc4fq,t1_edfnpec,1546823465.0,37,False,0,0,0,0,0,1,0
Happy Cake Day you barefoot bitch!,eee6h8y,PharaohSteve,circlejerk,t3_ahekmh,t3_ahekmh,1547851715.0,2,False,0,0,0,1,0,0,0
haha! She is so creepy at times. What a great actress.,ee55qb6,very_good_business1,PandR,t3_ag8mn7,t3_ag8mn7,1547582095.0,40,False,0,0,1,0,0,0,0
Ignorance is bliss,ed9nyoe,5D_Chessmaster,ShitPoliticsSays,t3_ackerg,t1_ed9mauf,1546651274.0,49,False,0,0,0,1,0,0,0
Then he is innocent. I'd rather have a president that we know for sure isnt undermining our democracy by conspiring with a foreign nation.,ed9qqg8,Cavsio,The_Mueller,t3_ack2qv,t1_ed9qlob,1546653656.0,37,False,0,0,0,0,0,1,0
"Didn't like [NAME] and when he was here, hate him on the opposing team",edv2s3f,nesio66,timberwolves,t3_af2cjd,t3_af2cjd,1547261770.0,62,False,0,1,0,0,0,0,0
Fuuuuck that's rough,edr5bra,iamjackstestical,cringe,t3_aenkq5,t3_aenkq5,1547160500.0,20,False,1,0,0,0,0,0,0
I like it!,ef9lk5o,[deleted],gaybros,t3_akx75h,t1_ef9lizz,1548774848.0,31,False,0,0,0,1,0,0,0
"Good lord, that 'chandelier' made entirely out of antlers is pretty ridiculous 👀 ",ed3ejdx,oatmealfoot,nashville,t3_abvooi,t3_abvooi,1546455385.0,72,False,0,0,0,0,0,1,0
"MeToo is about sharing personal stories of sexual assault. Reframing it as accusation based, and as furthering a kidnap, is fucking disgusting.",edqzozq,Self-Aware,LetsNotMeet,t3_ae9pp9,t1_edqzd89,1547157394.0,51,False,0,1,0,0,0,0,0
That guy with the orange jacket looks so distraught. Feels bad man.,eetz83k,funstuffinsq,Whatcouldgowrong,t3_ajaj26,t3_ajaj26,1548320220.0,37,False,0,0,0,0,0,1,0
How dare you,eerl1p4,BeepityBot,danganronpa,t3_aiydmp,t1_eerh57r,1548251868.0,51,False,1,0,0,0,0,0,0
The demon's still fighting!!,eeceuwe,WhisperOnAStarChase,tennis,t3_agznzh,t3_agznzh,1547807649.0,49,False,1,0,0,0,0,0,0
I REALLY MISS GRIFFIN REINHART,eer56j3,Muckerofbin,EdmontonOilers,t3_aix93z,t1_eer54o5,1548229058.0,61,False,1,0,0,0,0,0,0
Always take a chance on the dork. We rock in general l. There are a few weirdos hut by and large dorks have it together.,eddx67e,raethryn,datingoverthirty,t3_ad21v0,t3_ad21v0,1546786537.0,15,False,0,1,0,0,0,0,0
I'm crying. Their faces 😂🤣😂,edsgvlg,monkeyfant,cringe,t3_aenc4g,t1_eds9pzr,1547198687.0,61,False,0,0,0,0,0,1,0
One of the most memorable games I’ve been to. And I got some great seats for an even better price.,ee8z9ge,c_c_c__combobreaker,Dodgers,t3_agsimh,t3_agsimh,1547696795.0,21,False,0,0,0,1,0,0,0
"Yup, it may not look like much but it’s still statistically significant. That’s really bad for something being decided by a coin toss.",eenfn82,Thunder84,GreenBayPackers,t3_ai9dc4,t1_een6o1m,1548111222.0,61,False,1,0,0,0,0,0,0
some men sit to pee. men also get attacked and feel vulnerable in certain areas. the more you know.,edzc6vt,factsaresuperfun,GCdebatesQT,t3_af4vx4,t1_edw8izd,1547395866.0,50,False,0,0,0,0,1,0,0
That was such awful bandaid application. Like what the fuck.,ed0booe,Rogu3Wo1f,DiWHY,t3_aa8dhl,t3_aa8dhl,1546343692.0,6,False,1,0,0,0,0,0,0
I'm so jealous. I'm in NYC for a year and the lack of King Cake is giving me actual depression.,edf9etf,nolabitch,NewOrleans,t3_ad6bjr,t3_ad6bjr,1546814379.0,46,False,0,0,0,0,0,1,0
You got a friend in meeeee...,ed3mci0,seachele08,AnimalsBeingBros,t3_abvepu,t3_abvepu,1546461073.0,55,False,0,0,0,1,0,0,0
"Please be [NAME]. I like [NAME], for the record. But I'm def willing to part ways with him. ",ee57r2z,J_Melo,OrlandoMagic,t3_agbp04,t3_agbp04,1547583482.0,34,False,0,0,0,0,0,1,0
Do your research. Not going to engage in conversation with you any longer. Put your Nintendo away and educate yourself.,eewm1mm,Ozzyo520,news,t3_ajkc4a,t1_eewly63,1548395485.0,11,False,0,1,0,0,0,0,0
Spending the day with family in beautiful Bowral 🌿,eee9f8y,rainbowmoon,sydney,t3_ahbdck,t3_ahbdck,1547853839.0,72,False,0,0,0,1,0,0,0
It surprises me that he's a mod some days...,eex0tm9,KyreneZA,southafrica,t3_ajc4ry,t1_eewrqpx,1548414394.0,20,False,0,0,0,0,0,0,1
Oh god another injury,edcmhdm,SatveerT,torontoraptors,t3_ad0aem,t3_ad0aem,1546742196.0,3,False,0,0,0,0,0,1,0
"Woah you still found this, even when he spelled your name wrong, so you didn't get paged.",eevoblm,Timmerito,bestof,t3_ajatcb,t1_eevnjwm,1548368710.0,62,False,0,0,0,0,1,0,0
Fund this man. Even if it doesn’t pan out it’s worth finding out.,ef8exll,Kitsunate-,UpliftingNews,t3_akpaqx,t3_akpaqx,1548734841.0,42,False,0,0,0,0,1,0,0
Isn’t /politicalhumor a sub that barely has any real activity though...?,edys4lx,blue_crab86,SelfAwarewolves,t3_afgcpp,t1_edyrn9b,1547375334.0,67,False,0,0,0,0,0,0,1
In the end it is just another day surrounded by fake fans. If people wana watch a team that never loses they should stick to NCAAF,ed14qbk,That_White_Kid95,steelers,t3_abi42b,t1_ed10erk,1546372810.0,2,False,0,0,0,0,0,1,0
Duck fuck goose,eeb5hz9,canadarepubliclives,meirl,t3_agy3co,t1_ee9zwst,1547765605.0,62,False,0,1,0,0,0,0,0
How dare they ask me to be a good person! I'll show em!,ef3zbig,hugglesthemerciless,onguardforthee,t3_akccf9,t1_ef3xmzk,1548607828.0,16,False,1,0,0,0,0,0,0
And yet nobody bat an eyelid when it was [NAME] who was palling around with [NAME]. I wonder why.,edbku35,[deleted],Enough_Sanders_Spam,t3_acwv6j,t3_acwv6j,1546716654.0,56,False,0,0,0,0,0,0,1
"OMG, I thought the same",edciymf,Goatcrapp,WhitePeopleTwitter,t3_acxirs,t3_acxirs,1546739678.0,55,False,0,0,0,0,0,0,1
You look like a failed attempt to gene splice [NAME] and [NAME] DNA,eebiyju,[deleted],RoastMe,t3_agx0zk,t3_agx0zk,1547775578.0,7,False,0,0,0,0,0,1,0
You've never smelled a woman on her period? It's awful.,ede469c,AmazingRolls,LifeProTips,t3_ad5pis,t1_ede44iw,1546791594.0,23,False,0,1,0,0,0,0,0
somebody's sad lol lol,eeygcyx,Currymvp2,Enough_Sanders_Spam,t3_ajo0at,t3_ajo0at,1548446486.0,40,False,0,0,0,0,0,1,0
Pasta left to your door today is 4 years as outdated! Be aware. Some quality grammar there...,ee1tc10,GJXN1990,Scotland,t3_afut9x,t3_afut9x,1547478314.0,20,False,0,1,0,0,0,0,0
I was surprised to see [NAME] towing the line on his show.,eeuq9fp,lynessmormont,TopMindsOfReddit,t3_aj5ljj,t1_eesv50p,1548347344.0,21,False,0,0,0,0,0,0,1
I wasn’t even expecting the reply that’s why I’m literally bamboozled.,eebeh17,DaKingOfDaTRAP,Tinder,t3_ah4f9f,t1_eebdwxz,1547772164.0,15,False,0,0,0,0,0,0,1
Jokes are even more terrible lately,ee9dqf7,Erakiiii,terriblefacebookmemes,t3_agslek,t3_agslek,1547712680.0,50,False,0,1,0,0,0,0,0
"What? What's wrong with making G a charge charact.. Ooh, yeah Q, I forgot.",eegqxra,MrMaraus,StreetFighter,t3_ahnrh0,t1_eeg9w8o,1547927617.0,56,False,0,0,0,0,0,1,0
What I’m hearing is you’re under 15. /r/teenagers is that way,ed0ufn7,PMURITTYBITTYTITTIES,OutOfTheLoop,t3_abhgc8,t1_ed0tx8h,1546365842.0,4,False,0,0,0,0,0,0,1
Is this coming to ps4 at same time?,eel3kty,WhitePonyOne,PUBGXboxOne,t3_ahhs8m,t3_ahhs8m,1548034107.0,51,False,0,0,0,0,1,0,0
Incontinence is a terrible thing,eedpff5,JaeHoon_Cho,KidsAreFuckingStupid,t3_ah8mrf,t1_eeddvz0,1547841240.0,61,False,0,1,0,0,0,0,0
What absolute garbage,ed9krbp,weapon_VII,nrl,t3_acgyxt,t1_ed9izoi,1546648534.0,66,False,1,1,0,0,0,0,0
So Green Bay doesn't get him... I'd be sad for the kid.,edidq6f,MoTownKid,detroitlions,t3_adjqn2,t1_edhnvct,1546897646.0,14,False,0,0,0,0,0,1,0
This is the most perfect thing I've ever seen. So many layers,ee3uqx3,Aeon1508,detroitlions,t3_ag481y,t3_ag481y,1547537541.0,26,False,0,0,0,0,0,0,1
She tweeted that the most recent episode was very soon after her second surgery and she was still swollen from it,ee60r1b,cetacedm,TeenMomOGandTeenMom2,t3_agf9xv,t3_agf9xv,1547605258.0,33,False,0,0,0,0,1,0,0
"One time, she punched me in the face. It was AWESOME.",eerdoku,distritopeq,BravoRealHousewives,t3_ait6y9,t1_eeqhsxa,1548243454.0,81,False,0,0,0,0,0,1,0
These are the signs I'm getting old... Wtf is a weed cartridge??,edmdx6d,Iwilllieawake,thatHappened,t3_ae4vxt,t3_ae4vxt,1547022695.0,62,False,0,1,0,0,0,0,0
"[NAME] man, how have you not suffocated with your head so far up your ass?",edb1zdu,pm_me_your_nude_bbws,PandR,t3_acq1z8,t1_edajyat,1546704615.0,19,False,0,0,0,0,0,0,1
In shock and was more concerned about my kid tbh. Now off course I wish I'd sued the arse off her for emotional distress.,eee9x1k,CocoaMotive,britishproblems,t3_ah7yv3,t1_eedh53h,1547854216.0,11,False,1,0,0,0,0,0,1
What a great response!!,ed1qgjy,travelwarrior1,askwomenadvice,t3_ablumk,t1_ed1ilmy,1546389544.0,16,False,0,0,0,0,0,0,1
I’m single I’ve had it thrown at me But I’m being more choosey about who I spend my bed with this year,ee83dla,Lightsouttokyo,DeadBedrooms,t3_agloy0,t3_agloy0,1547674473.0,3,False,0,0,0,0,0,0,1
Demonize - to portray as wicked and threatening. It's not hard to demonize someone when they regularly demonize themselves.,ee7ko0k,902gamesad,The_Mueller,t3_agli95,t1_ee7jzft,1547662993.0,23,False,0,0,1,0,0,0,0
Any more comments calling me SWERF for caring about sex workers will be blocked and reported I s2g,ed7g57i,jessbone98,TrollXChromosomes,t3_ac9s97,t3_ac9s97,1546581424.0,81,False,1,0,0,0,0,0,0
STOP GETTING FACTS FROM [NAME] AND THE CORRUPT STATE ..lol,eebvpzo,struoc1,MakingaMurderer,t3_agz6ks,t1_eeadvrd,1547785579.0,37,False,1,0,0,0,0,0,0
"Man, this just gets funnier even after seeing it for the 30th time in the last month! /s",eemxv2y,ElCasaBonita,AirForce,t3_ai8d1m,t3_ai8d1m,1548098869.0,12,False,0,0,0,1,0,0,0
"Better get a paternity test sorted for my munchkin of a partner and his equally munchkin daughter, he'll be thrilled. ",ed406uw,Wonko87,IncelTears,t3_abwiky,t3_abwiky,1546470137.0,4,False,0,0,0,0,1,0,0
"Let's be real, [NAME] is coming back.",eefgsn9,Captainhankpym,MortalKombat,t3_ahj346,t3_ahj346,1547894032.0,49,False,0,0,0,1,0,0,0
"I may have awful taste, i would want this cake",eepi5en,stormy225,ATBGE,t3_aip21h,t3_aip21h,1548181470.0,24,False,0,0,0,1,0,0,0
We may destroy the rest of the world in the process.,eei44zs,5th_Law_of_Robotics,PoliticalHumor,t3_ahtbw3,t1_eehuhr0,1547959003.0,55,False,0,0,0,0,0,1,0
And then in a weird twist her family tries him for murder. Haha!,edxyeso,castpearls,confession,t3_aeyx9f,t1_edwb2ww,1547344597.0,20,False,0,1,0,1,0,0,0
Maybe you just enjoy the process of digging? Does it have to be somebody you’re attracted to or have you tried stalking a random person?,edd1lwx,MissusMcFeely,confession,t3_ad1bp4,t3_ad1bp4,1546753247.0,6,False,0,0,0,1,0,0,0
I'm good. Happy with my boyfriend.,edb7rmb,Viktor_Kurvos,lgbt,t3_acr1fp,t1_edb0ppt,1546708307.0,62,False,0,0,0,1,0,0,0
That was truly disgusting,eenfvuo,Hoophoop31,TeenMomOGandTeenMom2,t3_aidus2,t1_een5ncb,1548111399.0,22,False,0,1,0,0,0,0,0
Black people still get shot unarmed. Comparing suffering is stupid and pointless.,ee7kbjr,dreweatall,ProRevenge,t3_agdm4h,t1_ee7c8rd,1547662768.0,23,False,1,0,0,0,0,0,0
Thank you! In Germany and was sick of waiting and wondering,ee4d9l9,huddyvonschland,assassinscreed,t3_ag7xag,t1_ee4b66t,1547562396.0,43,False,1,0,0,0,0,0,0
Suck really hard and hope it ends soon? And don't swallow!!! Bleck - sex is so much better with a woman.,efe9xl9,[deleted],dating_advice,t3_alfxaq,t3_alfxaq,1548887823.0,81,False,1,0,0,0,0,0,0
“[NAME] you’re still here? Geez you really are slow.”,ee7x3ox,bluscoutnoob,2meirl4meirl,t3_agkcb4,t1_ee7bqcu,1547670603.0,81,False,0,0,0,0,0,0,1
I have no confidence to boost,edmsj1l,Sexually_Undesireabl,IncelsWithoutHate,t3_ad3sj3,t1_edmr50a,1547041810.0,31,False,0,0,0,0,0,1,0
"Had one good year that was it, then joins a god squad that struggles to qualify",eedrfyd,ainslyharriotxd,CoDCompetitive,t3_ahe5od,t1_eedr2ox,1547842510.0,11,False,0,0,0,1,0,0,0
Hit up skull forts if you are looking for the fastest way. But just play and have fun.,ee31egp,qwolik,Seaofthieves,t3_ag23m6,t3_ag23m6,1547510415.0,35,False,0,0,0,1,0,0,0
Wonder how he feels about [NAME] now,edodxh8,Virus1901,DanLeBatardShow,t3_aedllb,t3_aedllb,1547081806.0,35,False,0,0,0,0,0,0,1
I hope Dallas gets close and loses in heartbreak.,edy72xe,[deleted],NYGiants,t3_afezcw,t3_afezcw,1547351467.0,57,False,0,0,0,0,0,1,0
[NAME] seemed pretty pissed at himself for last game and kept saying at the end watching the film inspired him to go hit the gym,efemzh3,DaWhiteDwight,OrlandoMagic,t3_alij17,t3_alij17,1548897787.0,8,False,0,0,0,0,1,0,0
Cute little jerk. How many times has that come out if my mouth!!,eeo0tv0,bighairmama,AnimalsBeingJerks,t3_aigbh7,t3_aigbh7,1548127676.0,38,False,0,0,0,0,0,0,1
"I was afraid things would if we kept seeing each other, which is why I brought this up to her now rather than later. ",ednyk0x,Toiletbowls,childfree,t3_ae8vhn,t1_ednxaws,1547070239.0,27,False,0,0,1,0,0,0,0
I love this! It's nice to hear of a positive outcome on here.,eczje98,NaomiR111,IDontWorkHereLady,t3_ab7u7y,t3_ab7u7y,1546308337.0,3,False,0,0,0,1,0,0,0
What a shit twat,ed1cxzl,Garchz,Anarchism,t3_abm3ig,t3_abm3ig,1546378488.0,81,False,1,0,0,0,0,0,0
This is one of the worst written posts I've seen on this sub for a while,eddkk02,TearsInRainUK,tifu,t3_ad1xit,t3_ad1xit,1546774614.0,61,False,0,1,0,0,0,0,0
that doesn't make any sense at all.,ed97kbk,Retrikaethan,atheism,t3_acmo51,t1_ed96kdi,1546638126.0,67,False,1,0,0,0,0,0,0
"No, it's not. If they grow in the wrong way then they can become extremely painful and cause discomfort. People usually like chewing freely",ed6ofp9,Stormie117,justneckbeardthings,t3_ac6nev,t1_ed6mb9l,1546557703.0,52,False,0,0,0,0,0,1,0
"I think everyone should watch the first season. It's hilarious, but also a pretty brutal indictment about what a show politics is.",efgkvc3,Aldryc,AskALiberal,t3_alrmuk,t1_efgjmuy,1548959070.0,23,False,0,1,0,1,0,0,0
"What the fuck? Really? That’s horrible. That’s probably illegal. If it isn’t, it should be.",ee8yj0o,cabbage_monger,askwomenadvice,t3_agrwku,t1_ee8snx6,1547696192.0,26,False,0,1,0,0,0,0,0
"Oh ya, that’s [NAME]!",eecj6vi,snootyCrumpets,WeWantPlates,t3_agz9gn,t1_eea8qp6,1547812741.0,18,False,0,0,0,1,0,0,0
Enjoy it! You have a good one for your first!,edbyeqs,SLHaz,CollegeBasketball,t3_acyno8,t1_edbyd8h,1546725685.0,51,False,0,0,0,1,0,0,0
He’s bad,ef5pocu,teusdj01,WWE,t3_akl276,t3_akl276,1548660018.0,15,False,0,1,0,0,0,0,0
"Wow, hearing him swear, thats gonna be something ",ee5k84a,marcothemage,DevilMayCry,t3_agagi0,t1_ee5k511,1547592286.0,18,False,0,0,0,0,0,0,1
"I think, on my next play through I’m going to save right before so I can keep going back and reliving this night! Lol",eerzdwu,steffy06,reddeadredemption,t3_aj0bf8,t1_eerz3oo,1548262723.0,33,False,0,0,0,0,1,0,0
Aww now I can’t listen to falling down,eeqqqtt,Elemode,im14andthisisdeep,t3_aitoek,t3_aitoek,1548213716.0,79,False,0,0,0,1,0,0,0
You did so good for yourself though! If you had the mother you deserve she would have the sense to be proud of you. :),ed4iz3u,Frnzlnkbrn,childfree,t3_abtj5v,t1_ed3e34q,1546485458.0,42,False,0,0,0,1,0,0,0
That’s v strange behaviour.,ee9wq38,LeCollectif,cringepics,t3_agusna,t1_ee9q3my,1547736455.0,10,False,0,0,0,0,1,0,0
Aww that makes me happy!,edoqdxb,smaller_ang,90DayFiance,t3_adnwhl,t1_edkd7ml,1547092023.0,74,False,0,0,0,1,0,0,0
"Wow, you’re so generous with other people’s money.",edo9j9d,squiddem,JordanPeterson,t3_aeaz2n,t1_ednzi6t,1547078202.0,8,False,0,0,0,0,0,0,1
It warms my heart to know that [NAME] is still,efdonrz,Edeniade,Gunners,t3_alfmoe,t3_alfmoe,1548874360.0,26,False,0,0,0,0,1,0,0
Don't be an asshole,ef2rut6,Marokazam,gamegrumps,t3_ak4q9m,t1_ef2qscb,1548569214.0,46,False,1,1,0,0,0,0,0
[NAME] this was hard to get through. Please crosspost to r/sadcringe,eelncsh,pink_ampharos,Overwatch,t3_ai759g,t3_ai759g,1548050991.0,1,False,0,0,0,0,0,1,0
Things did not go well on Eros Station...,ed6gyrn,mdhkc,polyamory,t3_ac7zd8,t3_ac7zd8,1546552231.0,60,False,0,0,0,0,0,1,0
OH MY GOD!!!! The poor parents must have gone from gutted to PISSED in a matter of moments.,eel3s02,ChristeenyB,JUSTNOMIL,t3_ai3juz,t3_ai3juz,1548034264.0,4,False,0,0,0,0,0,1,0
Big yikes. Biiiig yikes. I do feel your pain. I wish I could upvote you more than once.,eejnn4c,BunchaNyet,rpghorrorstories,t3_ahynzu,t1_eejn1pe,1548003620.0,7,False,0,0,0,0,0,1,0
That’s all I noticed.,edn0csu,foolishzilla,90DayFiance,t3_ae4qtm,t1_edmip25,1547047183.0,27,False,0,0,0,0,1,0,0
Because Im going to feel sorry for the death of someone who assaulted me. Sure thing buddy.,ef75ws3,xKingSpacex,Whatcouldgowrong,t3_akohqb,t1_ef75nt2,1548705236.0,61,False,1,0,0,0,0,0,0
It wouldn’t even have been a month yet though... I can’t believe this bootlicking nonsense is upvoted here. [NAME] supporters everywhere these days smh,eeq2r3z,[deleted],chicago,t3_aiq7qd,t1_eeq1kgk,1548195735.0,7,False,0,0,0,0,0,0,1
Fuck my life,efdb9bd,kisskissyesyes,thalassophobia,t3_alar5k,t1_efdb70o,1548865821.0,61,False,1,0,0,0,0,1,0
And that's an issue. Councils are *so* unrepresentative it hurts.,eefjbik,grogipher,Scotland,t3_ahkrky,t1_eefj0eh,1547896924.0,40,False,0,0,0,0,0,1,0
“My tree people need meeeee!!”,ed6aeqt,ForTheL1ght,Whatcouldgowrong,t3_ac8bx0,t3_ac8bx0,1546547844.0,46,False,0,0,0,0,1,0,0
Happy New Year to you too!,ecznehk,newjacknick,Whatcouldgowrong,t3_abalmd,t1_ecznd5r,1546312434.0,60,False,0,0,0,1,0,0,0
My only issue is he keeps blowing draft picks on QB’s that are terrible.,ed1576z,ThatWideLife,DenverBroncos,t3_abfyp7,t3_abfyp7,1546373127.0,33,False,0,0,1,0,0,0,0
"If reincarnation is real, I hope next time I have a name that's half as awesome as [NAME].",ee6fvk3,VaultBoy9,gaybros,t3_agenbx,t3_agenbx,1547619231.0,11,False,0,0,0,0,0,0,1
not in the slightest. im actually dumbfounded.,eduwbj8,Rrari86,barstoolsports,t3_af0ght,t1_eduw6w2,1547256641.0,60,False,0,0,0,0,0,0,1
I heard the ostrich was sick.,edtikix,TortugaTetas,AnimalsBeingBros,t3_aew74s,t1_edti9nv,1547225923.0,16,False,0,0,0,0,0,1,0
I was having a good day and it still really made me feel good. Had a bad day yesterday and it's still affirming to hear so thanks!,edi8fjs,Sasarai,BPD,t3_adio8j,t3_adio8j,1546894966.0,39,False,0,0,0,1,0,0,0
FUCKACTIVISION THEY RUIN EVERYTHING,ef9ikhk,COGNZNT,Blackops4,t3_akzoa5,t3_akzoa5,1548773003.0,39,False,1,0,0,0,0,0,0
"watching [NAME] attempt hook shots gives me a panic attack, even when he makes them (which is rare)",ee3f0jz,ndoh113,DetroitPistons,t3_ag2gyj,t3_ag2gyj,1547521217.0,15,False,0,0,1,0,0,0,0
"Yeah I probably would've started crying on the spot. Loud, sudden and especially shrill noises are extremely *""cringey""* and uncomfortable and stressful",ee6lqiq,BloodBurningMoon,IDontWorkHereLady,t3_ag9rqv,t1_ee5hpco,1547627856.0,1,False,0,0,0,0,0,1,0
I feel so stupid. I’ve never made the connection between [NAME] refusing to play for SD and [NAME],edm6z50,Med_vs_Pretty_Huge,NYGiants,t3_ae2nm8,t1_edm5e56,1547012917.0,62,False,1,1,0,0,0,0,0
Ugh yes. And don’t even get me started about those conveniently placed guitars to calm a victims nerves beforehand,ee19fpw,jenkinsonfire,dating,t3_afs1am,t1_ee155id,1547450240.0,37,False,0,1,0,0,0,0,0
It’s always weird when you spot someone you know on here 😂,ee8jfgf,RabSimpson,Scotland,t3_agmpm2,t1_ee8iu55,1547684819.0,72,False,0,0,0,0,0,0,1
My mom signed me up when I was 15. Wow that was a fun weekend. /s,eeo6suo,bertcox,JordanPeterson,t3_aie2af,t1_eeo58c5,1548132819.0,26,False,0,0,0,1,0,0,0
"Please, please, please don't do that to yourself. You'll end feeling worse when this guy leaves you. ",ef2n7uc,TwinkieMermaidCat,Trufemcels,t3_ajryem,t3_ajryem,1548564928.0,56,False,0,0,0,0,0,1,0
Sakura drops & Goodbye happiness,eeo2hxb,abscentscent,popheads,t3_ai9ic6,t3_ai9ic6,1548129026.0,76,False,0,0,0,1,0,0,0
Whoever is against the queen will die.,edierqs,Anal_fissures2006,90DayFiance,t3_adm77j,t1_edicf3f,1546898156.0,48,False,0,0,1,0,0,0,0
"I got you dude! I use it a ton, Glad I could make it worth it for you!!",edsehlc,[deleted],thatHappened,t3_ae240m,t1_edsef7n,1547195967.0,60,False,0,0,0,1,0,0,0
"Exactly, last year was frustrating with our [NAME] awful home record. ",eev6t97,Creakypluto,EdmontonOilers,t3_aje1pc,t1_eev2fjq,1548357794.0,67,False,0,1,0,0,0,0,0
"Woke up feeling smug that I am off until Wednesday... Then I saw all the text messages, emails, and Skype messages. Fuuuuuuck. ",edfaffq,TSPSweeney,nrl,t3_ad9vfx,t3_ad9vfx,1546814935.0,62,False,0,1,0,0,0,0,0
he'll be hurt next year too,efh0epo,a_talking_wall,NYKnicks,t3_altybc,t1_efgxd6l,1548969256.0,37,False,0,0,0,0,0,1,0
Goddamn it...,edrnmpl,TheOneTrueChuck,reddeadredemption2,t3_aem9g1,t1_edre6tw,1547173321.0,38,False,1,0,0,0,0,0,0
Omg i love you hahahahgaha,ef7tq87,OurLordJesusCrust,rupaulsdragrace,t3_akqd2q,t1_ef7cgn3,1548720113.0,18,False,0,0,0,0,0,0,1
"Thank you so much for this link, watching [NAME] was an absolute delight! ",ef5ltsx,jcorptm,AnimalsBeingBros,t3_akfhfg,t1_ef55vph,1548655488.0,4,False,0,0,0,1,0,0,0
Wow I’ve never seen that one and I love it! Could you share the picture?,ed932rs,noreallyitsme,ToolBand,t3_acllc4,t1_ed92tzc,1546634926.0,4,False,0,0,0,0,0,0,1
"I don't live there anymore, but I grew up in the midwest, and the ""ope"" triggered me a little bit",eesx4q5,MyOwnInfinity,TalesFromYourServer,t3_ai8421,t3_ai8421,1548285404.0,63,False,0,0,0,0,1,0,0
"I mean I dont think your wrong at all, but I would still be happy to fight you for funsies.",ee1cat9,PyroslasherX,FlashTV,t3_afnbvv,t3_afnbvv,1547454965.0,27,False,0,0,0,1,0,0,0
I'm still so sad we never got to see [NAME] witnessing his miracle baby's first steps. ☹️,ee5nr5l,Teachyoselff2,greysanatomy,t3_ag7s9y,t1_ee5ccic,1547594914.0,70,False,0,0,0,0,0,1,0
I think it's ridiculous that we continue to pay taxes to fund paychecks that federal workers aren't receiving.,eenl4bs,gjhgjh,SeattleWA,t3_aial3e,t1_eemd4tw,1548115412.0,56,False,0,1,0,0,0,0,0
[NAME] can’t space and [NAME] is getting worse defensively,edrxr2g,mtommy2597,DetroitPistons,t3_aepu4s,t1_edrxppn,1547181174.0,23,False,0,1,0,0,0,0,0
Have them put out a Linux client and I'll be happy to give them a try.,edo6bnp,Phicksur,MMORPG,t3_aeang2,t3_aeang2,1547075644.0,40,False,0,0,0,1,0,0,0
" I don’t give a F F the haters F all the haters Much love, no hate Machines within, machines within",ee307gp,oldcoldbellybadness,sadcringe,t3_afw0gk,t1_ee1tt5x,1547509470.0,52,False,1,0,0,0,0,0,0
"If people complain about that, maybe that's a problem...",ee3z3uh,Profetorum,BattlefieldV,t3_ag6lv8,t1_ee3z16i,1547544765.0,67,False,1,0,0,0,0,0,0
"Alright, so I googled aaaaaaand sorry for my misinformed mistake. Dunno where I heard that [NAME] didn't win the popular vote but it was wrong :(",edacujg,Pirate_Chicken,ENLIGHTENEDCENTRISM,t3_aclda3,t1_edaag9i,1546675903.0,20,False,0,0,0,0,0,1,0
Welcome to the Just Cause experience,edoits2,nikktheconqueerer,Games,t3_aedt0x,t1_edoi42h,1547085859.0,16,False,0,0,1,0,0,0,0
i think you misunderstood my comment. [NAME] over [NAME] any day,eeea1x2,kilarghe,greysanatomy,t3_ah9ouk,t1_eed8sdq,1547854323.0,37,False,0,0,0,0,1,0,0
I feel this but I also sympathize with mentalcels because I’m mentally ill and it makes me feel even worse.,ed3lkc6,Mostbored,Trufemcels,t3_abw3zx,t3_abw3zx,1546460513.0,4,False,0,0,0,0,0,1,0
ssssssssssssssshhhhhhhhhhhh just give this one to me it's been a weird day,edcutwu,SPLINTER3303,DevilMayCry,t3_ac69um,t1_edctdio,1546748136.0,51,False,0,1,0,0,0,0,0
Omg this is too good.,ef813p3,Firely111,deadbydaylight,t3_akp3z8,t1_ef7z1ii,1548725206.0,55,False,0,0,0,0,0,0,1
"Whaaaat no way, you can’t play it with other people? ",eeydnih,asapicton,sadcringe,t3_ajn6el,t1_eeybufv,1548444864.0,56,False,0,0,0,0,0,0,1
> Probably because the guy gets violent because of his ~~ego~~ **fragile sexuality** FTFY,ed62gjr,PGSylphir,yesyesyesyesno,t3_ac0wo1,t1_ed5ifsx,1546542337.0,27,False,1,0,0,0,0,0,0
I love how [NAME] touted the Hong Kong model as something beneficial. What a joke.,ed2xzyg,mkvgtired,China,t3_absnt3,t1_ed2poh4,1546442563.0,23,False,0,0,0,1,0,0,0
Fund this man. Even if it doesn’t pan out it’s worth finding out.,ef8exll,Kitsunate-,UpliftingNews,t3_akpaqx,t3_akpaqx,1548734841.0,72,False,0,0,0,0,1,0,0
Let's wrap him in bubble wrap to be safe,eduwgti,Oprahtron3000,Mavericks,t3_aetucp,t1_eduwe5p,1547256752.0,6,False,0,0,0,0,1,0,0
Glad you came to your senses. Go feel uncomfortable about Lola bunny in Space Jam again.,eewjd3i,thisvikingmoose,gatekeeping,t3_ajl7w1,t1_eewjact,1548392899.0,15,False,0,0,0,1,0,0,0
Someone with erectile dysfunction already can't (conventionally) orgasm. What the fuck are you talking about?,efbbztw,solorathain,justneckbeardthings,t3_al496w,t1_efbbgff,1548809450.0,81,False,1,0,0,0,0,0,0
This is why I clean my belly button every day. That’s disgusting,edbj8al,LordBitness,todayilearned,t3_actoc0,t3_actoc0,1546715602.0,39,False,0,1,0,0,0,0,0
How autistic.,ee7wq9f,Anatoly_Solonitsyn,COMPLETEANARCHY,t3_9h0k6d,t3_9h0k6d,1547670387.0,50,False,0,0,0,0,1,0,0
"Ha, I just saw that highlight. nasty",eemu96i,Squand0r,GoNets,t3_aic0rf,t3_aic0rf,1548096353.0,81,False,0,1,0,0,0,0,0
"Thats just dumb, u are stealing from people that just want to live a good life cuz other were unlucky, they were also unlucky by being born.",ef0w9ep,freneticfroggy,antinatalism,t3_ak0zdo,t3_ak0zdo,1548521386.0,70,False,1,0,0,0,0,0,0
It's amazing how polar opposite [NAME] is from Thibs,eewkdpq,Stratocast7,timberwolves,t3_ajkneg,t3_ajkneg,1548393858.0,18,False,0,0,0,0,0,0,1
uuuuugh what keeps the penis spitting,eeh0rh8,JezzaJ101,lewronggeneration,t3_ahlhkq,t1_eeg3tpl,1547933698.0,48,False,1,0,0,0,0,0,0
"""Yeah look"" like a toddler being surprised by his own genitals",ef0g575,xSpektre,cringepics,t3_ak086a,t1_ef0evrx,1548509619.0,33,False,0,0,0,0,0,0,1
shockingly close to reality.,edenhhr,GreyCatOrangeBeard,thatHappened,t3_ad3zax,t1_eddg30q,1546802533.0,26,False,0,0,0,0,0,0,1
Oh. That is unfortunate,eej9ste,tsukirye,INTP,t3_ahwxqd,t1_eej7we5,1547995573.0,62,False,0,0,0,0,0,1,0
WHY IS THERE WOMAN ON MY ENTERTAINMENT??????????,eejkq0e,MSochist,moviescirclejerk,t3_ahy0qq,t1_eejbdva,1548002005.0,61,False,0,0,0,0,0,0,1
I've gotten injured before in RTTS from being hit (Bruised hand). 3 day DL.,eek8h9s,kathios,MLBTheShow,t3_ai0zm2,t1_eek6oh4,1548014969.0,42,False,0,0,0,0,0,1,0
Honestly acid is fun with 4-6 friends and shrooms is fun with 1-3 friends,ef6kojd,imsbs111,Drugs,t3_akoxui,t3_akoxui,1548692368.0,42,False,0,0,0,1,0,0,0
Maga hat is a symbol of hate and should be treated as such.,eeorrir,propagranda,ENLIGHTENEDCENTRISM,t3_aij4lp,t3_aij4lp,1548161897.0,55,False,1,0,0,0,0,0,0
Stoop Kid’s afraid to leave his stoop!,edy460m,[deleted],traaaaaaannnnnnnnnns,t3_afbjhb,t3_afbjhb,1547349057.0,4,False,1,0,0,0,0,0,0
This hurts me more than the fan meme.,edzkxv5,Atavius,canucks,t3_aflh12,t3_aflh12,1547401596.0,16,False,0,0,0,0,0,1,0
You’re trash april. I’m November 2000 actually. Damn we’re old.,ee7wtmu,axodd,raimimemes,t3_aghegu,t1_ee72ux5,1547670441.0,14,False,0,1,0,0,0,0,0
Even in the offseason we can’t escape the injury bug :/,eev0ht4,trebek321,49ers,t3_ajf1iq,t3_ajf1iq,1548353866.0,38,False,0,0,0,0,0,1,0
Hell yeah o/,edgviqz,Dittrio,heroesofthestorm,t3_adhbqd,t3_adhbqd,1546866035.0,49,False,1,0,0,0,0,0,0
"Color me surprised. Take your ""free"" care and like it, peon!",edq4hsh,mdclimber,Anarcho_Capitalism,t3_aeki9c,t1_edq1yad,1547141083.0,46,False,0,0,0,0,0,0,1
"What the actual fuck, does seeing something terrible prevent you from enjoying the entire rest of your life?",ee79l8w,jkseller,Advice,t3_agm7o0,t3_agm7o0,1547655424.0,4,False,1,0,0,0,0,0,0
Me fail English?! That's unpossible!,eejdc1n,daftvalkyrie,HighQualityGifs,t3_ahxmli,t3_ahxmli,1547997709.0,5,False,0,0,0,0,0,0,1
he'll be hurt next year too,efh0epo,a_talking_wall,NYKnicks,t3_altybc,t1_efgxd6l,1548969256.0,61,False,0,0,0,0,0,1,0
EXACTLY. It literally blows my mind that 45 minutes from me it’s completely legal but here it’s jail time like...ok.,edogacd,CanniBusiness,trees,t3_ae9lit,t1_edoela1,1547083767.0,40,False,0,1,0,1,0,0,0
Abortion. emails. BENGHAZI! red cups Happy Holidays,ed11wwh,Chrysalii,forwardsfromgrandma,t3_ab93dh,t3_ab93dh,1546370947.0,67,False,0,0,0,0,1,0,0
[NAME] fuck those creeps,eeslfl7,Grzly,minnesota,t3_aj187m,t1_eesifa0,1548277369.0,6,False,1,0,0,0,0,0,0
His Batman/TMNT book is a really fun read with great art.,eea2zrx,shust89,RedLetterMedia,t3_agyn1w,t1_ee9ytka,1547740920.0,16,False,0,0,0,1,0,0,0
the longest week (2014) I don’t know if it’s still available but it was pretty good romantic comedy,edg7akf,kj1114,netflix,t3_addcpr,t3_addcpr,1546837775.0,23,False,0,0,0,1,0,0,0
"Shut up, Mag!",ed9bsv5,Chris-P,2meirl4meirl,t3_acnhnb,t1_ed9bifj,1546641320.0,75,False,1,0,0,0,0,0,0
Oh I wouldn't be surprised my dad got away with some shocking things despite cps investigation but he was also white.,ee7nwy5,shazaamjess,blogsnark,t3_afwepq,t1_ee7nsxw,1547665015.0,6,False,0,0,0,0,0,1,0
READ A BOOK YOU FUCKING CROOK.,eey8oar,didntseethemovie,WhitePeopleTwitter,t3_ajn5oj,t3_ajn5oj,1548441876.0,2,False,1,0,0,0,0,0,0
"Removed, stop trolling.",eetphqv,TheYellowRose,AskWomen,t3_aj8jtm,t3_aj8jtm,1548307991.0,61,False,1,0,0,0,0,0,0
"Because at best, you’re a racist and an apologist for at least a wanna-be dictator and his supporters ",edg016o,SignificantBeing9,ENLIGHTENEDCENTRISM,t3_ad9few,t1_edfyc6w,1546832124.0,61,False,0,1,0,0,0,0,0
"I'm rank 6 and get destroyed for using legion, what build do you use? I absolutely love legion just here getting ran over",edaebjl,Clown_Main,deadbydaylight,t3_acr9ay,t1_eda6ozh,1546677987.0,15,False,0,0,0,0,0,0,1
Yeah it’s not like I want my cat to lick me in a sexual way that’s just weird.,ee8otcl,stranger82726,TooAfraidToAsk,t3_ags82z,t1_ee8neda,1547688419.0,49,False,0,0,1,0,0,0,0
Wasn't there some sort of human Cylon orgy in The Plan or am I misremembering? Because I have bad memories of [NAME] and sexytimes.,edlcj3g,FlyingSquid,atheism,t3_adzo8g,t1_edlbpvd,1546987194.0,76,False,0,0,0,0,0,1,0
"I fucking love Danbo. Thanks for putting it back in my head, I see my future self there in a few hours. ",eedicvb,surflessinseattle,SeattleWA,t3_ah8mfv,t1_eedbsdy,1547836867.0,23,False,0,0,0,1,0,0,0
only suckers believe this don't be a sucker,edymuiz,xploeris,WayOfTheBern,t3_af7569,t1_edy3evf,1547369181.0,26,False,1,0,0,0,0,0,0
"Wow, I might actually watch this weirdo movie this time. ",eea1y8o,coolcool23,RedLetterMedia,t3_agyn1w,t1_ee9yt2x,1547740228.0,57,False,0,0,0,0,0,0,1
"You mean FUStrated, it's [NAME] here :)",edmxo6l,kickingyouintheface,TeenMomOGandTeenMom2,t3_adz2co,t1_edlo61u,1547045466.0,24,False,1,0,0,0,0,0,0
*NOW* you understand jokes.,eeu206x,well_duh_doy_son,FunnyandSad,t3_aj58wv,t1_eetspqh,1548324685.0,36,False,0,0,0,0,1,0,0
"I'm very sorry for u, they should treat you like royalty not a fleshlight",edi7fkr,Tylerm23,confession,t3_adm3ee,t3_adm3ee,1546894455.0,18,False,0,0,0,0,0,1,0
You sound upset.,eezweps,Han_Bolo,news,t3_ajv3k1,t1_eezskw9,1548486130.0,63,False,0,0,0,0,0,1,0
I'm sending you all the hugs ;-;,eeldjfn,masonph,depression,t3_ai2ehu,t3_ai2ehu,1548041218.0,5,False,0,0,0,1,0,0,0
